arquivo_antigo,arquivo_novo,titulo,legenda,hashtags,duracao,data_geracao
corte-1-legendado.mp4,corte-1-legendado-2.mp4,Corte-1-legendado,"Corte-1-legendado

corte-1-legendado",#shorts #motivacao #video,,2025-09-09 18:12:54
corte-2-legendado.mp4,corte-2-legendado-2.mp4,Corte-2-legendado,"Corte-2-legendado

corte-2-legendado",#shorts #motivacao #video,,2025-09-09 18:12:54
corte-3-legendado.mp4,corte-3-legendado-2.mp4,Corte-3-legendado,"Corte-3-legendado

corte-3-legendado",#shorts #motivacao #video,,2025-09-09 18:12:54
corte-4-legendado.mp4,corte-4-legendado-2.mp4,Corte-4-legendado,"Corte-4-legendado

corte-4-legendado",#shorts #motivacao #video,,2025-09-09 18:12:54
corte-5-legendado.mp4,corte-5-legendado-2.mp4,Corte-5-legendado,"Corte-5-legendado

corte-5-legendado",#shorts #motivacao #video,,2025-09-09 18:12:54
corte-6-legendado.mp4,corte-6-legendado-2.mp4,Corte-6-legendado,"Corte-6-legendado

corte-6-legendado",#shorts #motivacao #video,,2025-09-09 18:12:54
corte-1-legendado-2.mp4,corte-1-legendado-2-2.mp4,Corte-1-legendado-2,"Corte-1-legendado-2

corte-1-legendado-2",#shorts #motivacao #video,,2025-09-09 18:14:25
corte-2-legendado-2.mp4,corte-2-legendado-2-2.mp4,Corte-2-legendado-2,"Corte-2-legendado-2

corte-2-legendado-2",#shorts #motivacao #video,,2025-09-09 18:14:25
corte-3-legendado-2.mp4,corte-3-legendado-2-2.mp4,Corte-3-legendado-2,"Corte-3-legendado-2

corte-3-legendado-2",#shorts #motivacao #video,,2025-09-09 18:14:25
corte-4-legendado-2.mp4,corte-4-legendado-2-2.mp4,Corte-4-legendado-2,"Corte-4-legendado-2

corte-4-legendado-2",#shorts #motivacao #video,,2025-09-09 18:14:25
corte-5-legendado-2.mp4,corte-5-legendado-2-2.mp4,Corte-5-legendado-2,"Corte-5-legendado-2

corte-5-legendado-2",#shorts #motivacao #video,,2025-09-09 18:14:25
corte-6-legendado-2.mp4,corte-6-legendado-2-2.mp4,Corte-6-legendado-2,"Corte-6-legendado-2

corte-6-legendado-2",#shorts #motivacao #video,,2025-09-09 18:14:25
corte-1-legendado-2-2.mp4,corte-legendado.mp4,📱 corte - legendado,"corte-1-legendado-2-2

👍 Curta e compartilhe se gostou!",#shorts #cortedevideo #viral #fyp #conteudo #aprendizado #crescimento #desenvolvimento #corte #legendado,,2025-09-09 18:23:31
corte-2-legendado-2-2.mp4,corte-legendado-2.mp4,📱 corte - legendado,"corte-2-legendado-2-2

👍 Curta e compartilhe se gostou!",#shorts #cortedevideo #viral #fyp #conteudo #aprendizado #crescimento #desenvolvimento #corte #legendado,,2025-09-09 18:23:31
corte-3-legendado-2-2.mp4,corte-legendado-3.mp4,📱 corte - legendado,"corte-3-legendado-2-2

👍 Curta e compartilhe se gostou!",#shorts #cortedevideo #viral #fyp #conteudo #aprendizado #crescimento #desenvolvimento #corte #legendado,,2025-09-09 18:23:31
corte-4-legendado-2-2.mp4,corte-legendado-4.mp4,📱 corte - legendado,"corte-4-legendado-2-2

👍 Curta e compartilhe se gostou!",#shorts #cortedevideo #viral #fyp #conteudo #aprendizado #crescimento #desenvolvimento #corte #legendado,,2025-09-09 18:23:31
corte-5-legendado-2-2.mp4,corte-legendado-5.mp4,📱 corte - legendado,"corte-5-legendado-2-2

👍 Curta e compartilhe se gostou!",#shorts #cortedevideo #viral #fyp #conteudo #aprendizado #crescimento #desenvolvimento #corte #legendado,,2025-09-09 18:23:31
corte-6-legendado-2-2.mp4,corte-legendado-6.mp4,📱 corte - legendado,"corte-6-legendado-2-2

👍 Curta e compartilhe se gostou!",#shorts #cortedevideo #viral #fyp #conteudo #aprendizado #crescimento #desenvolvimento #corte #legendado,,2025-09-09 18:23:31
corte-legendado-2.mp4,corte-legendado-7.mp4,📱 corte - legendado,"corte-legendado-2

👍 Curta e compartilhe se gostou!",#shorts #cortedevideo #viral #fyp #conteudo #aprendizado #crescimento #desenvolvimento #inspiracao #corte #legendado,,2025-09-09 18:32:46
corte-legendado-3.mp4,corte-legendado-2.mp4,📱 corte - legendado,"corte-legendado-3

👍 Curta e compartilhe se gostou!",#shorts #cortedevideo #viral #fyp #conteudo #aprendizado #crescimento #desenvolvimento #inspiracao #corte #legendado,,2025-09-09 18:32:46
corte-legendado-4.mp4,corte-legendado-3.mp4,📱 corte - legendado,"corte-legendado-4

👍 Curta e compartilhe se gostou!",#shorts #cortedevideo #viral #fyp #conteudo #aprendizado #crescimento #desenvolvimento #inspiracao #corte #legendado,,2025-09-09 18:32:46
corte-legendado-5.mp4,corte-legendado-4.mp4,📱 corte - legendado,"corte-legendado-5

👍 Curta e compartilhe se gostou!",#shorts #cortedevideo #viral #fyp #conteudo #aprendizado #crescimento #desenvolvimento #inspiracao #corte #legendado,,2025-09-09 18:32:46
corte-legendado-6.mp4,corte-legendado-5.mp4,📱 corte - legendado,"corte-legendado-6

👍 Curta e compartilhe se gostou!",#shorts #cortedevideo #viral #fyp #conteudo #aprendizado #crescimento #desenvolvimento #inspiracao #corte #legendado,,2025-09-09 18:32:46
corte-legendado.mp4,corte-legendado-6.mp4,📱 corte - legendado,"corte-legendado

👍 Curta e compartilhe se gostou!",#shorts #cortedevideo #viral #fyp #conteudo #aprendizado #crescimento #desenvolvimento #inspiracao #corte #legendado,,2025-09-09 18:32:46
corte-legendado-2.mp4,corte-legendado.mp4,📱 corte - legendado,"corte-legendado-2

👍 Curta e compartilhe se gostou!",#shorts #cortedevideo #viral #fyp #conteudo #aprendizado #crescimento #desenvolvimento #inspiracao #corte #legendado,,2025-09-09 18:58:13
corte-legendado-3.mp4,corte-legendado-2.mp4,📱 corte - legendado,"corte-legendado-3

👍 Curta e compartilhe se gostou!",#shorts #cortedevideo #viral #fyp #conteudo #aprendizado #crescimento #desenvolvimento #inspiracao #corte #legendado,,2025-09-09 18:58:13
corte-legendado-4.mp4,corte-legendado-3.mp4,📱 corte - legendado,"corte-legendado-4

👍 Curta e compartilhe se gostou!",#shorts #cortedevideo #viral #fyp #conteudo #aprendizado #crescimento #desenvolvimento #inspiracao #corte #legendado,,2025-09-09 18:58:13
corte-legendado-5.mp4,corte-legendado-4.mp4,📱 corte - legendado,"corte-legendado-5

👍 Curta e compartilhe se gostou!",#shorts #cortedevideo #viral #fyp #conteudo #aprendizado #crescimento #desenvolvimento #inspiracao #corte #legendado,,2025-09-09 18:58:13
corte-legendado-6.mp4,corte-legendado-5.mp4,📱 corte - legendado,"corte-legendado-6

👍 Curta e compartilhe se gostou!",#shorts #cortedevideo #viral #fyp #conteudo #aprendizado #crescimento #desenvolvimento #inspiracao #corte #legendado,,2025-09-09 18:58:13
corte-legendado-7.mp4,corte-legendado-6.mp4,📱 corte - legendado,"corte-legendado-7

👍 Curta e compartilhe se gostou!",#shorts #cortedevideo #viral #fyp #conteudo #aprendizado #crescimento #desenvolvimento #inspiracao #corte #legendado,,2025-09-09 18:58:13
corte-legendado-2.mp4,corte-legendado-7.mp4,📱 corte - legendado,"corte-legendado-2

👍 Curta e compartilhe se gostou!",#shorts #cortedevideo #viral #fyp #conteudo #aprendizado #crescimento #desenvolvimento #inspiracao #corte #legendado,,2025-09-09 18:59:34
corte-legendado-3.mp4,corte-legendado-2.mp4,📱 corte - legendado,"corte-legendado-3

👍 Curta e compartilhe se gostou!",#shorts #cortedevideo #viral #fyp #conteudo #aprendizado #crescimento #desenvolvimento #inspiracao #corte #legendado,,2025-09-09 18:59:34
corte-legendado-4.mp4,corte-legendado-3.mp4,📱 corte - legendado,"corte-legendado-4

👍 Curta e compartilhe se gostou!",#shorts #cortedevideo #viral #fyp #conteudo #aprendizado #crescimento #desenvolvimento #inspiracao #corte #legendado,,2025-09-09 18:59:34
corte-legendado-5.mp4,corte-legendado-4.mp4,📱 corte - legendado,"corte-legendado-5

👍 Curta e compartilhe se gostou!",#shorts #cortedevideo #viral #fyp #conteudo #aprendizado #crescimento #desenvolvimento #inspiracao #corte #legendado,,2025-09-09 18:59:34
corte-legendado-6.mp4,corte-legendado-5.mp4,📱 corte - legendado,"corte-legendado-6

👍 Curta e compartilhe se gostou!",#shorts #cortedevideo #viral #fyp #conteudo #aprendizado #crescimento #desenvolvimento #inspiracao #corte #legendado,,2025-09-09 18:59:34
corte-legendado.mp4,corte-legendado-6.mp4,📱 corte - legendado,"corte-legendado

👍 Curta e compartilhe se gostou!",#shorts #cortedevideo #viral #fyp #conteudo #aprendizado #crescimento #desenvolvimento #inspiracao #corte #legendado,,2025-09-09 18:59:34
corte-legendado-2.mp4,corte-legendado.mp4,📱 corte - legendado,"corte-legendado-2

👍 Curta e compartilhe se gostou!",#shorts #cortedevideo #viral #fyp #conteudo #aprendizado #crescimento #desenvolvimento #inspiracao #corte #legendado,,2025-09-09 19:03:55
corte-legendado-3.mp4,corte-legendado-2.mp4,📱 corte - legendado,"corte-legendado-3

👍 Curta e compartilhe se gostou!",#shorts #cortedevideo #viral #fyp #conteudo #aprendizado #crescimento #desenvolvimento #inspiracao #corte #legendado,,2025-09-09 19:03:55
corte-legendado-4.mp4,corte-legendado-3.mp4,📱 corte - legendado,"corte-legendado-4

👍 Curta e compartilhe se gostou!",#shorts #cortedevideo #viral #fyp #conteudo #aprendizado #crescimento #desenvolvimento #inspiracao #corte #legendado,,2025-09-09 19:03:55
corte-legendado-5.mp4,corte-legendado-4.mp4,📱 corte - legendado,"corte-legendado-5

👍 Curta e compartilhe se gostou!",#shorts #cortedevideo #viral #fyp #conteudo #aprendizado #crescimento #desenvolvimento #inspiracao #corte #legendado,,2025-09-09 19:03:55
corte-legendado-6.mp4,corte-legendado-5.mp4,📱 corte - legendado,"corte-legendado-6

👍 Curta e compartilhe se gostou!",#shorts #cortedevideo #viral #fyp #conteudo #aprendizado #crescimento #desenvolvimento #inspiracao #corte #legendado,,2025-09-09 19:03:55
corte-legendado-7.mp4,corte-legendado-6.mp4,📱 corte - legendado,"corte-legendado-7

👍 Curta e compartilhe se gostou!",#shorts #cortedevideo #viral #fyp #conteudo #aprendizado #crescimento #desenvolvimento #inspiracao #corte #legendado,,2025-09-09 19:03:55
corte-legendado-2.mp4,corte-legendado-7.mp4,📱 corte - legendado,"corte-legendado-2

👍 Curta e compartilhe se gostou!",#shorts #cortedevideo #viral #fyp #conteudo #aprendizado #crescimento #desenvolvimento #inspiracao #corte #legendado,,2025-09-09 19:05:38
corte-legendado-3.mp4,corte-legendado-2.mp4,📱 corte - legendado,"corte-legendado-3

👍 Curta e compartilhe se gostou!",#shorts #cortedevideo #viral #fyp #conteudo #aprendizado #crescimento #desenvolvimento #inspiracao #corte #legendado,,2025-09-09 19:05:38
corte-legendado-4.mp4,corte-legendado-3.mp4,📱 corte - legendado,"corte-legendado-4

👍 Curta e compartilhe se gostou!",#shorts #cortedevideo #viral #fyp #conteudo #aprendizado #crescimento #desenvolvimento #inspiracao #corte #legendado,,2025-09-09 19:05:38
corte-legendado-5.mp4,corte-legendado-4.mp4,📱 corte - legendado,"corte-legendado-5

👍 Curta e compartilhe se gostou!",#shorts #cortedevideo #viral #fyp #conteudo #aprendizado #crescimento #desenvolvimento #inspiracao #corte #legendado,,2025-09-09 19:05:38
corte-legendado-6.mp4,corte-legendado-5.mp4,📱 corte - legendado,"corte-legendado-6

👍 Curta e compartilhe se gostou!",#shorts #cortedevideo #viral #fyp #conteudo #aprendizado #crescimento #desenvolvimento #inspiracao #corte #legendado,,2025-09-09 19:05:38
corte-legendado.mp4,corte-legendado-6.mp4,📱 corte - legendado,"corte-legendado

👍 Curta e compartilhe se gostou!",#shorts #cortedevideo #viral #fyp #conteudo #aprendizado #crescimento #desenvolvimento #inspiracao #corte #legendado,,2025-09-09 19:05:38
corte-legendado-2.mp4,corte-legendas-incrivel-transforme-sua-visao-alternativa-desperte-sua-.mp4,"**Corte-Legendas Incrível - Transforme sua Visão!** 🤩 

**Alternativa:** ✂️✨ Desperte sua Criatividade!

**Dica:** Adapte o título para a imagem do vídeo!

Espero que ajude! 😊","corte-legendado-2

👍 Curta e compartilhe se gostou!",#shorts #cortedevideo #viral #fyp #conteudo #aprendizado #crescimento #desenvolvimento #inspiracao #corte #legendado,,2025-09-09 19:53:46
corte-legendado-3.mp4,aprenda-a-criar-legendas-incriveis-ou-se-for-mais-curto-legendas-e-fac.mp4,"**""Aprenda a criar legendas incríveis 🚀✨""**

**Ou, se for mais curto:**

**""Legendas? 🎬 É fácil!""**

**Por que esses títulos funcionam?**

*   **60 caracteres ou menos:** Todos os títulos estão dentro do limite.
*   **Instagram/TikTok:** São concisos e adequados para essas plataformas.
*   **Emoji:**  🚀✨ Adicionam visual e chamam a atenção.
*   **Benefício principal:**  Enfatizam a facilidade e o aprendizado (criar legendas incríveis).

Espero que ajude! 😊","corte-legendado-3

👍 Curta e compartilhe se gostou!",#shorts #cortedevideo #viral #fyp #conteudo #aprendizado #crescimento #desenvolvimento #inspiracao #corte #legendado,,2025-09-09 19:53:47
corte-legendado-4.mp4,opcoes-1-corte-legenda-incrivel-62-caracteres-foca-no-resultado-do-vid.mp4,"**Opções:**

1.  **Corte-Legenda Incrível! ✂️** (62 caracteres) - Foca no resultado do vídeo.
2.  **Transforme seus vídeos! ✨** (58 caracteres) - Destaca o benefício.
3.  **Corte-Legenda PERFEITO! 🚀** (56 caracteres) - Adiciona um elemento de ""gancho"".
4.  **Seu Vídeo, Sem Limitações! 🎯** (52 caracteres) -  Enfatiza a liberdade.

**Minha Recomendação:**

**1. Transforme seus vídeos! ✨**  (58 caracteres) - É um pouco mais chamativo e divertido.

Espero que isso ajude!","corte-legendado-4

👍 Curta e compartilhe se gostou!",#shorts #cortedevideo #viral #fyp #conteudo #aprendizado #crescimento #desenvolvimento #inspiracao #corte #legendado,,2025-09-09 19:53:49
corte-legendado-5.mp4,corte-legenda-5-deixe-a-sua-visao-brilhar-opcoes-de-titulos-corte-lege.mp4,"**Corte-Legenda 5: Deixe a sua visão brilhar! ✨**

**Opções de títulos:**

*   Corte-Legenda 5: Mais detalhes, menos imperfeições! 🤩
*   Corte-Legenda 5: Transforme suas fotos! 🚀
*   Corte-Legenda 5: Qualidade que impressiona! 💯

**Escolha o que melhor se encaixa na sua estratégia!**","corte-legendado-5

👍 Curta e compartilhe se gostou!",#shorts #cortedevideo #viral #fyp #conteudo #aprendizado #crescimento #desenvolvimento #inspiracao #corte #legendado,,2025-09-09 19:53:50
corte-legendado-6.mp4,corte-legendas-6-desvende-a-beleza-do-seu-visual-este-titulo-e-limite-.mp4,"**Corte-Legendas 6: Desvende a beleza do seu visual! ✨**

Este título é:

*   **Limite de 60 caracteres:** Cumpre o limite.
*   **Atraente para Instagram/TikTok:** Usa emojis e palavras-chave populares.
*   **Benefício Principal:** Destaca a beleza visual do resultado.
*   **Linguagem Persuasiva:** ""Desvende a beleza"" é convidativo.

**Você pode considerar outras opções dependendo do foco do vídeo:**

*   Corte-Legendas 6: Resultados Impecáveis! 🚀
*   Corte-Legendas 6: Seu Look Perfeito! 😍","corte-legendado-6

👍 Curta e compartilhe se gostou!",#shorts #cortedevideo #viral #fyp #conteudo #aprendizado #crescimento #desenvolvimento #inspiracao #corte #legendado,,2025-09-09 19:53:51
corte-legendado-7.mp4,corte-legendas-7-deixe-a-imagem-perfeita-opcao-1-curta-e-impactante-cr.mp4,"**Corte-Legendas 7: 🚀 Deixe a Imagem Perfeita 📸**

**Opção 1 (Curta e Impactante):** ⚡️ Crie legendas incríveis! ⚡️

**Opção 2 (Foco no Benefício):** ✨ Limpe legendas confusas 🚀

**Opção 3 (Com Emoji):** 🎬 Corte-Legendas 7: Alegre! 🤩

**Dica:** Escolha o título que melhor se adapta ao tom visual do vídeo!","corte-legendado-7

👍 Curta e compartilhe se gostou!",#shorts #cortedevideo #viral #fyp #conteudo #aprendizado #crescimento #desenvolvimento #inspiracao #corte #legendado,,2025-09-09 19:53:52
aprenda-a-criar-legendas-incriveis-ou-se-for-mais-curto-legendas-e-fac.mp4,aprenda-a-legendas-incriveis-transforme-suas-postagens-em-hits-veja-3-.mp4,"🔥 Aprenda a Legendas Incriveis! 💪

Transforme suas postagens em hits! 🚀 Veja 3 Dicas incríveis pra ficar mais impactante. 📚 5 Segredos que Vão Virar Fãs! 🚀","🚀 **🔥 Quer postagens que viralizam? 🔥**

✨ Aprenda a criar legendas que DÃO A CHAVE! ✨

👉 Dica 1: Use emojis que chamem a atenção! 🤩
👉 Dica 2: Faça perguntas para incentivar o engajamento! 🤔
👉 Dica 3: Crie um senso de urgência! ⏳
👉 Dica 4: Use hashtags relevantes para mais alcance! 🏷️
👉 Dica 5: Seja direto e mostre o valor! 📣

👉 **Quer SAIR NADA?**  👉 Deixe um ""SIM"" na DEMAIS e vamos te ajudar! 👇

💬 Comente aqui: Qual a sua maior dificuldade com legendas? 💬

#marketingdigital #legendas #instagram #tiktok #criacao #marketing #dicas #inspiração #engajamento #viral #estratégias

---

**Justificativa:**

*   **Emojis:**  Aumentam a atratividade visual e transmitem emoção.
*   **Chamada para Ação:**  ""Comente aqui..."" incentiva a interação do público.
*   **Perguntas:** Estimula a participação e o engajamento, aumentando a chance de o post ser compartilhado.
*   **Hashtags:**  Aumentam a visibilidade do post nas buscas e no alcance.
*   **Linguagem Direta:**  ""Quer SAIR NADA?"" é um apelo direto ao público.
*   **Limite de Caracteres:**  A legenda está dentro do limite.
*   **Organização:** Dividido em pontos com dicas para facilitar a leitura.

**Observações:**

*   Dependendo do seu público-alvo, ajuste a linguagem e os emojis.
*   Considere usar um vídeo curto com a legenda para tornar a experiência ainda mais interessante.

Espero que isso ajude! Se precisar de mais variações ou ajustes, me avise.",#shorts #cortedevideo #viral #fyp #conteudo #aprendizado #crescimento #desenvolvimento #inspiracao #legendas #aprenda #criar,,2025-09-09 20:22:59
corte-legenda-5-deixe-a-sua-visao-brilhar-opcoes-de-titulos-corte-lege.mp4,5-dicas-para-um-look-incrivel-deixe-sua-roupa-brilhar-quer-se-destacar.mp4,"🔥 5 Dicas para um Look INCRÍVEL! 🔥

✨ Deixe sua roupa brilhar! ✨

🚀 Quer se destacar? 🚀

📚 Descubra os segredos! 📚

👉 Clique no link da bio e vai pra praticar! ➡️","Ok, aqui estão algumas opções de legenda para o seu post, com diferentes tons e focos, todas dentro dos parâmetros que você definiu:

**Opção 1 (Empolgante e Direta):**

""🔥 5 Dicas SECRETAS para looks INCRÍVEIS que te farão brilhar! ✨

Quer se destacar? 🚀 Clique no link da bio e descubra como! ➡️ #lookdodia #estilo #dicasdebeleza""

**Opção 2 (Focada em Solução - Ideal se o post mostrar looks):**

""Cansada de looks sem graça? 😩 5 dicas para elevar o seu estilo! 🤩

👉 Descubra como! ➡️ Link na bio. ✨ #fashion #estilo #dicasdebeleza""

**Opção 3 (Curta e Chamativa - Boa para vídeos/vídeos curtos):**

""✨ 5 Dicas INCRÍVEIS para looks que ILUSTRAM! ✨

Quer arrasar? 🚀 Clique no link da bio e confira! ➡️ #look #moda #estilo""

**Opção 4 (Mais Enfatizando o Benefício):**

""✨ Revelamos os segredos de looks que te farão sentir-se confiante e linda! ✨

5 dicas que vão te ajudar a brilhar! 🚀  👉 Clique no link da bio e prepare-se para arrasar! ➡️ #lookdodia #estilo #confiança""

**Opção 5 (Com uma pergunta):**

""🤔 Quer ter looks incríveis? 🤩

➡️ 5 dicas que você PRECISA conhecer! ➡️  👉 Link na bio.  👇 #estilo #dicas #fashion""

**Dicas Extras:**

*   **Hashtags:** Use hashtags relevantes (ex: #lookdodia, #estilosa, #fashion, #lookdodia, #moda, #tendencia).
*   **Imagem/Vídeo:** Uma foto ou vídeo de alta qualidade é crucial!  Mostre looks incríveis e/ou o processo de criação.
*   **Adapte:** Escolha a legenda que melhor se encaixa no conteúdo do seu post.

**Para escolher a melhor legenda, pense no:**

*   **O tipo de conteúdo do seu post.**
*   **O público-alvo.**
*   **O objetivo da legenda.**

Espero que isso ajude! Me diga se quiser mais opções ou adaptações. 😊",#shorts #cortedevideo #viral #fyp #conteudo #aprendizado #crescimento #desenvolvimento #inspiracao #corte #legenda #deixe,,2025-09-09 20:23:05
corte-legendas-6-desvende-a-beleza-do-seu-visual-este-titulo-e-limite-.mp4,6-dicas-para-um-visual-incrivel.mp4,🔥 6 Dicas para um Visual INCRÍVEL! 💪,"🔥 6 Dicas para um Visual INCRÍVEL! 💪

Cansado de fotos sem graça? 📸 Dê um UP no seu feed com essas dicas práticas! ➡️

1️⃣ Iluminação perfeita ☀️
2️⃣ Composição criativa 🎨
3️⃣ Iluminação natural 💡
4️⃣ Foco no rosto 🎯
5️⃣ Cores vibrantes 🌈
6️⃣ Edição leve 🪄

Quer ver mais? Deixe nos comentários: 👇 Qual dica você vai testar primeiro? ⬇️

#marketingdigital #instagram #tiktok #fotografia #dicas #visual #beleza #criatividade 🚀",#shorts #cortedevideo #viral #fyp #conteudo #aprendizado #crescimento #desenvolvimento #inspiracao #corte #legendas #desvende,,2025-09-09 20:23:07
corte-legendas-7-deixe-a-imagem-perfeita-opcao-1-curta-e-impactante-cr.mp4,7-dicas-rapidas-para-impressionar.mp4,🔥 7 Dicas Rápidas para Impressionar! 💪,"🔥 7 DICAS RÁPIDAS para impressionar! 💪

1️⃣ Conte sua história! 🚀
2️⃣ Invista em fotos/vídeos de qualidade 📸
3️⃣ Use hashtags relevantes 🎯
4️⃣ Interaja com seus seguidores 💬
5️⃣ Mantenha a frequência 📅
6️⃣ Mostre sua personalidade 🌟
7️⃣ Crie conteúdo que seu público adore! 🥰

Quer saber mais? Deixe um like e comente qual dica você vai colocar em prática! 👇 #marketingdigital #marketing #instagram #tiktok #dicas #inspiracao #negocios #marketingdigitalbrasil",#shorts #cortedevideo #viral #fyp #conteudo #aprendizado #crescimento #desenvolvimento #inspiracao #corte #legendas #deixe,,2025-09-09 20:23:08
corte-legendas-incrivel-transforme-sua-visao-alternativa-desperte-sua-.mp4,5-dicas-para-deixar-seu-carreira-quer-uma-mudanca-real-transforme-sua-.mp4,"🔥 5 Dicas Para Deixar Seu Carreira✨

🚀 Quer uma mudança REAL? 🚀

🔥 Transforme sua vida com 5 dicas incríveis! 💪","🔥 5 Dicas Para Deixar Seu Carreira✨🔥

✨ Quer uma mudança REAL? ✨ Um novo capítulo te espera! 🚀

Transforme sua vida com 5 dicas poderosas que vão te levar do ponto A ao ponto B! 💪

👉 Deixe seu currículo com a gente! ➡️ Quer saber como? 👇

Dica 1:  Construa seu portfólio! 
Dica 2:  Networking estratégico! 🤝
Dica 3:  Aprimore suas habilidades! 🧠
Dica 4:  Negocie! 💰
Dica 5:  Acompanhe tendências! 📈

🚀 **Marque um amigo que precisa dessas dicas!** 🚀

#carreira #oportunidade #desenvolvimento #marketingdigital #dicas #trabalho #sucesso #carreira #oportunidade #novocabado

---

**Justificativa da Legenda:**

*   **Emojis:**  Usados para atrair a atenção e transmitir a mensagem de forma visual.
*   **Linguagem:**  Dinâmica, usando termos como ""real"", ""poderosos"", ""marque um amigo"".
*   **Chamada para Ação:**  ""Marque um amigo que precisa dessas dicas!"" incentivando a interação.
*   **Hashtags:**  Para aumentar a visibilidade do post nas buscas.
*   **Tamanho:** Cumpre o limite de 200 caracteres.

**Observações:**

*   Adapte a legenda ao seu público-alvo. Se você for direcionado a um nicho específico, adapte a legenda para falar sobre aquele nicho.
*   Considere usar um vídeo curto ou imagem chamativa no TikTok para complementar a legenda.",#shorts #cortedevideo #viral #fyp #conteudo #aprendizado #crescimento #desenvolvimento #inspiracao #corte #legendas #incrivel,,2025-09-09 20:23:12
opcoes-1-corte-legenda-incrivel-62-caracteres-foca-no-resultado-do-vid.mp4,62-caracteres-resultados-incriveis.mp4,🔥 62 Caracteres! 🚀 Resultados Incríveis! 💪,"🔥 62 CARACTERES! 🚀 Resultados Incríveis! 💪

Atingindo seus objetivos? 🎯 Nosso novo sistema é a chave! 🔑 Eleva sua performance e te leva ao sucesso! 🏆

✨ Quer saber como? ✨ Clique no link da bio e garanta seu lugar! 🔗

💬 Deixe nos comentários o que você espera alcançar! 👇

#resultados #sucesso #marketingdigital #novosresultados #foco",#shorts #cortedevideo #viral #fyp #conteudo #aprendizado #crescimento #desenvolvimento #inspiracao #opcoes #corte #legenda,,2025-09-09 20:23:14
5-dicas-para-deixar-seu-carreira-quer-uma-mudanca-real-transforme-sua-.mp4,5-dicas-incriveis-pra-mudar-de-carreira-transforme-sua-vida.mp4,🔥 5 Dicas INCRÍVEIS pra mudar de carreira! 💪 Transforme sua vida. 🚀,"🔥 5 DICAS INCRÍVEIS pra mudar de carreira! 💪 Transforme sua vida! 🚀

1.  Autoanálise: Saiba o que te move! 🎯
2.  Desenvolva suas habilidades: Investimento em você! 🧠
3.  Networking: Conecte-se com pessoas chave! 🤝
4.  Crie um portfólio: Mostre o que você faz! ✨
5.  Abrace o aprendizado: Nunca pare de crescer! 📚

👉 Quer mudar de carreira? Deixe nos comentários sua maior dificuldade! 👇 #mudançadecarreira #carreira #transformação #oportunidade

**Por que essa legenda funciona?**

*   **Emojis:** Atraem a atenção e transmitem a mensagem de forma visualmente interessante.
*   **Limite de caracteres:** Cumpre o limite de 200 caracteres.
*   **CTA forte:** ""Deixe nos comentários"" incentiva a interação.
*   **Persuasão:** Usa palavras como ""Transforme sua vida"" e ""Nunca pare de crescer"".
*   **Legibilidade:** Quebras de linha tornam o texto fácil de ler.
*   **Hashtags:** Aumentam a visibilidade do post.

**Observações:**

*   A legenda é adaptada para o formato do Instagram/TikTok.
*   A ênfase na transformação da vida e na ação é reforçada.

Espero que isso ajude! 😊",#shorts #cortedevideo #viral #fyp #conteudo #aprendizado #crescimento #desenvolvimento #inspiracao #dicas #deixar #carreira,,2025-09-09 20:42:02
5-dicas-para-um-look-incrivel-deixe-sua-roupa-brilhar-quer-se-destacar.mp4,5-dicas-incriveis-pra-looks-destacar.mp4,🔥 5 Dicas INCRÍVEIS pra LOOKs destacar! ✨,"🔥 5 DICAS INCRÍVEIS pra LOOKs destacar! ✨

1️⃣ Escolha roupas que chamem a atenção 🎯
2️⃣ Combine cores vibrantes 🌈
3️⃣ Use acessórios que mostrem personalidade 🤩
4️⃣ Aposte em modelagens que valorizam o corpo 💖
5️⃣ Confiança é a chave! ✨

👉 Quer mais dicas? Comenta aqui! 👇 #lookdodia #estilo #fashion #dicasdeestilo

---

**Por que essa legenda funciona:**

*   **Emojis:** Atraem a atenção e comunicam a mensagem de forma visual.
*   **Limite de Caracteres:** Cumpre o requisito de 200 caracteres.
*   **Chamada para Ação Forte:** ""Comenta aqui!"" incentiva o engajamento.
*   **Persuasão:** Usa palavras como ""destacar"" e ""mostre personalidade"".
*   **Legibilidade:** Quebras de linha tornam o texto fácil de ler.
*   **Hashtags:** Aumentam a visibilidade do post.

**Observações:**

*   Adapte o texto para o seu público e estilo de conteúdo.
*   Considere adicionar um link curto (ex: @seusite.com.br) na legenda se for usar o Instagram.
*   Se o post for de vídeo, a legenda pode ser mais curta e usar texto na tela.",#shorts #cortedevideo #viral #fyp #conteudo #aprendizado #crescimento #desenvolvimento #inspiracao #dicas #look #incrivel,,2025-09-09 20:42:05
6-dicas-para-um-visual-incrivel.mp4,5-dicas-incriveis-para-visualizar-impecavel-explicacoes-curto-e-impact.mp4,"🔥 5 Dicas Incríveis para Visualizar Impecável! 🔥

**Explicações:**

*   **Curto e Impactante:** O título é conciso e chama a atenção logo no início.
*   **Emoji:** O emoji ""🔥"" já transmite a ideia de ""incrível"" e ""atenção"".
*   **Benefício Principal:** ""Visual Impecável"" já é o benefício principal para o espectador.
*   **Direto e Persuasivo:** A frase ""5 Dicas Incríveis"" é direta e promete resultados.
*   **Tamanho:** Está dentro do limite de 50 caracteres, que é ideal para o formato de Instagram/TikTok.

Espero que isso ajude!","🔥 5 Dicas Incríveis para Visualizar Impecável! 🔥

Quer arrasar nas suas fotos e vídeos? 🤩 Dicas rápidas para você brilhar! ✨

1.  Iluminação perfeita ☀️
2.  Composição equilibrada ⚖️
3.  Cores vibrantes 🌈
4.  Edição profissional 🎬
5.  Foco no protagonista 🎯

👉 Quer saber mais? Deixe um ❤️ e segue para mais dicas! 😉 #marketingdigital #fotografia #vídeos #dicas #estilo

---

**Justificativa das escolhas:**

*   **Emojis:**  Aumentam o apelo visual e a atenção.
*   **Chamada à Ação (CTA):**  ""Deixe um ❤️ e segue..."" incentiva a interação e o engajamento.
*   **Hashtags:**  Aumentam a visibilidade do post para pessoas interessadas no tema.
*   **Estrutura:**  Dividido em 5 pontos chave com emojis para facilitar a leitura e a compreensão dos benefícios.
*   **Tom:**  O texto tem um tom amigável e motivador.",#shorts #cortedevideo #viral #fyp #conteudo #aprendizado #crescimento #desenvolvimento #inspiracao #dicas #visual #incrivel,,2025-09-09 20:42:09
62-caracteres-resultados-incriveis.mp4,62-resultados-incriveis-explique-o-que-o-video-mostra-e-como-isso-te-a.mp4,"🔥 62 Resultados Incríveis! 🔥

**Explique o que o vídeo mostra e como isso te ajudará!** 💪","Ok, vamos criar uma legenda que combine a promessa de resultados incríveis e o engajamento do Instagram/TikTok! Aqui estão algumas opções, com diferentes tons, e depois apresentarei uma sugestão final:

**Opção 1 (Foco em resultados rápidos):**

🔥 62 Resultados Incríveis em 62 Dias! 🔥 Quer ver o que você sempre quis? 🚀 Com esse plano, você vai dar um salto gigante em [mencione o nicho/resultado - Ex: sua carreira, seus investimentos, seu corpo]? 😉 Clique no link da bio e comece agora! ➡️ Link na bio! #resultados #marketing #sucesso #foco

**Opção 2 (Foco em transformação e atração):**

✨ 62 Resultados Incríveis que Te Transformarão! ✨  Sua transformação começa aqui! 🤩 Quer se sentir mais confiante, mais feliz ou mais realizado?  Transforme seus sonhos em realidade com nosso [nome do plano/produto]. ➡️ Link na bio! 💪 #transformação #foco #motivação #resultados

**Opção 3 (Mais curta e direta):**

🔥 62 Resultados Incríveis a Você! 🔥  Você merece mais! 🚀  Chega de esperar, comece a ver os resultados que você veio buscar. 😉 Clique no link na bio e descubra como! ➡️ Link na bio! #resultados #marketingdigital #investimento

**Opção 4 (Com um toque de humor - se o vídeo for divertido):**

🤯 62 Resultados Incríveis em 62 Dias! 🤯  Aposto: você está se sentindo um pouco... *sem* resultados? 😅 Relaxa, a gente te ajuda! 😉  Clique no link na bio e vamos turbinar seus resultados! 🚀 #marketing #resultados #humor #foco

**Sugestão Final (combinação de elementos):**

🔥 62 Resultados Incríveis em 62 Dias! 🔥  ✨ Quer dar um *boost* na sua vida?  Com nosso plano, você vai ver resultados que te farão sonhar! 🤩  👉 Clique no link na bio e comece a transformar sua realidade! 🚀  #resultados #marketingdigital #foco #transformação #linknabio!

---

**Dicas Extras:**

*   **Use emojis relevantes:**  Emojis ajudam a tornar a legenda mais atraente visualmente e transmitem emoção.
*   **Hashtags:** Use hashtags relevantes para o seu nicho e público-alvo. Varie as hashtags em cada post.
*   **Imagem/Vídeo:** A legenda precisa ser acompanhada de uma imagem ou vídeo que complemente o conteúdo do post.  Priorize um vídeo curto que mostre a transformação de resultados.
*   **Call-to-Action:**  Deixe claro o que você quer que as pessoas façam (clique no link na bio, diga ""compartilhe"", etc.).

**Para me ajudar a criar uma legenda ainda melhor, me diga:**

*   Qual é o nicho/produto/serviço que você está promovendo?
*   Qual o tipo de vídeo? (Ex: demonstração, depoimento, vídeo motivacional?)
*   Qual o público-alvo que você quer atingir? (Idade, interesses, nível de conhecimento sobre o tema?)",#shorts #cortedevideo #viral #fyp #conteudo #aprendizado #crescimento #desenvolvimento #inspiracao #caracteres #resultados #incriveis,,2025-09-09 20:42:15
7-dicas-rapidas-para-impressionar.mp4,5-dicas-rapidas-pra-impressionar.mp4,🔥 5 Dicas RÁPIDAS pra Impressionar! 🚀✨,"🔥 5 Dicas RÁPIDAS pra Impressionar! 🚀✨

1️⃣ ✨ Postagens de alta qualidade 📸
2️⃣ ✨ Conteúdo original 💡
3️⃣ ✨ Use hashtags relevantes 🏷️
4️⃣ ✨ Interaja com seus seguidores 💬
5️⃣ ✨ Crie Stories criativos 🤩

Quer levar seu conteúdo AO NEXT LEVEL? ⬇️ Comenta aqui embaixo qual dica você vai começar a aplicar! 👇 #marketingdigital #instagramtips #tiktoktips #desenvolvimentopublico 🚀",#shorts #cortedevideo #viral #fyp #conteudo #aprendizado #crescimento #desenvolvimento #inspiracao #dicas #rapidas #impressionar,,2025-09-09 20:42:16
aprenda-a-legendas-incriveis-transforme-suas-postagens-em-hits-veja-3-.mp4,aprenda-legendas-incriveis-transforme-suas-postagens-em-hits-veja-3-se.mp4,🔥 Aprenda Legendas Incriveis! 🚀 Transforme suas postagens em hits! 💪 Veja 3 Segredos! 📚,"🔥 Desvende os segredos das legendas que CONQUISTAM a atenção! 🚀

✨ Veja 3 dicas para transformar suas postagens em hits! 💪

👉 1️⃣ Use palavras-chave relevantes.
👉 2️⃣ Crie um tom de voz único.
👉 3️⃣ Incentive a interação! 💬

Quer mais resultados? Deixe nos comentários 👇 Qual dica você vai colocar em prática HOJE? 😉 #marketingdigital #legendas #instagram #tiktok #marketing #dicas #estrategia

---

**Justificativa da legenda:**

*   **Emojis:** Atendem ao visual do Instagram/TikTok e capturam a atenção.
*   **Chamada à Ação:** ""Deixe nos comentários 👇"" incentiva a participação do público e cria interação.
*   **Persuasão:** ""Quer mais resultados?"" aumenta o interesse.
*   **Breve e Direto:** A legenda é concisa e informa rapidamente o tema.
*   **Hashtags:** Aumentam a visibilidade do post em buscas e comunidades relevantes.

Espero que esta legenda seja perfeita para o seu post! 😊",#shorts #cortedevideo #viral #fyp #conteudo #aprendizado #crescimento #desenvolvimento #inspiracao #aprenda #legendas #incriveis,,2025-09-09 20:42:19
5-dicas-incriveis-para-visualizar-impecavel-explicacoes-curto-e-impact.mp4,5-dicas-incriveis-para-explicar-impecave-expliqueacoes-curtas-e-impact.mp4,"🔥 5 Dicas Incriveis Para Explicar Impecave! 💪

**Expliqueações Curtas e Impactantes!** 🚀","⚠️ Quer mostrar seu trabalho com MUITO IMPACTO? 💥

🚀 5 DICAS INSANAS para EXPLICAR Impecavel!

1️⃣ Use VISUALIZações 🤩
2️⃣ Simplifique! 🤯
3️⃣ Foque no PONTO! ✅
4️⃣ Seja RÁPIDO! ⏱️
5️⃣ Use EMOJIS! 🎉

👉 Quer saber mais? Deixe seu LIKE e COMPARTILHE! 👇 #Impecavel #MarketingDigital #Estratégia #Marketing

---

**Opções de Hashtags adicionais (dependendo do seu nicho):**

*   #MarketingDigital
*   #MarketingDigitalBrasil
*   #EstratégiasDeMarketing
*   #EstrategiaDeMarketing
*   #Visualização

**Observações:**

*   A legenda está adaptada para o formato de texto curto e visual do Instagram/TikTok.
*   A chamada para ação é clara e incentivadora.
*   Usei emojis para aumentar o apelo visual.
*   Adicionei hashtags relevantes para aumentar a visibilidade.

Espero que isso ajude! 😊",#shorts #cortedevideo #viral #fyp #conteudo #aprendizado #crescimento #desenvolvimento #inspiracao #dicas #incriveis #visualizar,,2025-09-09 20:43:01
5-dicas-incriveis-pra-looks-destacar.mp4,5-dicas-incriveis-pra-looks-destacar-2.mp4,🔥 5 Dicas INCRÍVEIS pra looks *destacar*! 🚀✨,"🔥 5 DICAS INCRÍVEIS pra looks *destacar*! 🚀✨

1.  Combine cores vibrantes! 🌈
2.  Aposte em texturas! ✨
3.  Dobre a roupa pra criar drama! 💥
4.  Use acessórios de destaque! 💎
5.  Ajuste o caimento pra dar um toque especial! 🤌

👉 Quer mais dicas? Comenta aqui! 👇 #looks #estilo #fashion #dicasdebeleza

---

**Explicação das escolhas:**

*   **Emojis:** Uso de emojis que chamam a atenção e complementam a mensagem.
*   **Limite de caracteres:** A legenda está dentro do limite de 200 caracteres.
*   **Call to Action:**  “Quer mais dicas?” incentiva o engajamento no comentário.
*   **Persuasão:** A linguagem é direta e convidativa.
*   **Legibilidade:**  Uso de frases curtas e conectores (como ""👉 Quer mais dicas?"").
*   **Hashtags:** Adicionado hashtags relevantes para aumentar a visibilidade.

**Observação:** A legenda acima é um exemplo. O ideal é adaptar o texto à identidade visual e ao tom de voz da sua marca/perfil!",#shorts #cortedevideo #viral #fyp #conteudo #aprendizado #crescimento #desenvolvimento #inspiracao #dicas #incriveis #looks,,2025-09-09 20:43:04
5-dicas-incriveis-pra-mudar-de-carreira-transforme-sua-vida.mp4,5-dicas-para-decolar-transforme-sua-vida-esse-titulo-e-direto-chamativ.mp4,"🔥 5 Dicas Para DECOLAR! 🚀 Transforme sua Vida! 💪

Esse título é direto, chamativo e foca no benefício principal - a mudança de carreira - com emojis que comunicam energia e transformação. Ele também é curto e impactante.","🔥 5 DICAS DE COLAR para DESVENDAR! 🚀✨

Está sentindo que a hora de Mudar de Carreira chegou? 🤯  Vamos te dar o BOOST que você precisa! 💪

✅ 1. Defina seu Nicho: O que te apaixona? 🎯
✅ 2. Faça um Plano de Estudos: Quais habilidades você precisa? 📚
✅ 3. Crie um Portfólio: Mostre seu talento! 🎨
✅ 4. Networking: Conecte-se com Profissionais! 🤝
✅ 5. Aja com Confiança: O sucesso te espera! 🌟

👉 Quer saber mais? Deixe nos comentários! 👇👇

#mudadecarreira #desenvolvimentoprofissional #carreira #transformacao #sucesso #inspiração #dicas #oportunidade

---

**Justificativa da legenda:**

*   **Emojis:**  O uso de emojis reforça o tom ""energetic"" e ""transformação"" que o título propõe.
*   **Concisão:** Mantemos a legenda sob 200 caracteres, um limite essencial para sucesso.
*   **Chamada à Ação:** ""Deixe nos comentários!"" é um convite direto para interação.
*   **Palavras-chave:** Incluí hashtags relevantes para aumentar a visibilidade.
*   **Linguagem:**  Usei uma linguagem direta e motivadora, que o público-alvo se identifica.
*   **Breve e Impactante:** A legenda é feita para despertar o interesse e gerar curiosidade.

Espero que essa legenda seja perfeita para o seu post! 😊",#shorts #cortedevideo #viral #fyp #conteudo #aprendizado #crescimento #desenvolvimento #inspiracao #dicas #incriveis #mudar,,2025-09-09 20:43:08
5-dicas-rapidas-pra-impressionar.mp4,5-dicas-rapidas-pra-impressionar-quer-mais-pessoas-descubra-como-facil.mp4,"🔥 5 Dicas Rápidas pra Impressionar! 🔥

✨ Quer mais pessoas? 🚀 Descubra como! ✨

💪 Facilita o seu sucesso! 💪

📚 Domine o que importa! 📚

🚀 Atraia mais clientes! 🚀

👉 Quer saber mais? Me segue! 👈","🚀✨ **5 Dicas Rápidas pra Impressionar!** ✨🚀

Cansado(a) de não destacar? 🤯 Quer mais seguidores e curtidas? 🤩

Nossas dicas vão te ajudar a:

1️⃣ Postar conteúdo incrível e visualmente atraente. 📸
2️⃣ Use hashtags estratégicas para alcançar mais pessoas. 📈
3️⃣ Interaja com seus seguidores para construir uma comunidade. 🤝
4️⃣ Seja consistente e publicando com frequência. ⏰
5️⃣ Mostre o seu diferencial e o que te torna único. 🌟

Quer aprender mais e *realmente* impressionar seus seguidores? ⬇️ Me segue pra acompanhar meus conteúdos e descobrir outras estratégias! 😉

👉 Quer mais? Me manda um ""👍"" 👇!

#marketingdigital #instagram #tiktok #dicas #marketing #estratégias #publi

---

**Por que esta legenda funciona?**

*   **Emojis:** Atrativos e chamam a atenção, complementam a mensagem.
*   **CTA Forte:** ""Me segue"" incentiva o engajamento.
*   **Benefícios Claros:** Explica o que o público vai ganhar ao seguir.
*   **Concisa:** Cumpre com o limite de caracteres.
*   **Emocional:** Usa palavras como ""cansado(a)"" e ""realmente"" para conectar.
*   **Hashtags:** Aumentam a visibilidade.

**Observações:**

*   Adapte a legenda ao seu público-alvo e ao seu nicho de conteúdo.
*   Considere adicionar um link na bio para o seu perfil ou conteúdo relevante.",#shorts #cortedevideo #viral #fyp #conteudo #aprendizado #crescimento #desenvolvimento #inspiracao #dicas #rapidas #impressionar,,2025-09-09 20:43:11
62-resultados-incriveis-explique-o-que-o-video-mostra-e-como-isso-te-a.mp4,62-resultados-incriveis-descubra-o-segredo-este-titulo-e-direto-focado.mp4,"🔥 62 Resultados INCRíveis: Descubra o Segredo! 💪

Este título é direto, focado no benefício (descobrir o segredo) e usa emojis para chamar a atenção. Ele também é conciso e promete algo útil.","🔥 62 Resultados INCRíveis: Descubra o Segredo! 💪

Cansado de [problema que seu público tem]? 🤔 Neste vídeo, revelamos 62 dicas e truques para [benefício principal] e transformar sua [área de atuação]. 🚀 Quer saber como? 👇

Clique no link na bio e comece sua jornada! 🔗

#marketingdigital #dicas #transformação #[seu nicho] 🔥",#shorts #cortedevideo #viral #fyp #conteudo #aprendizado #crescimento #desenvolvimento #inspiracao #resultados #incriveis #explique,,2025-09-09 20:43:13
aprenda-legendas-incriveis-transforme-suas-postagens-em-hits-veja-3-se.mp4,aprenda-legendas-que-deplatam-seus-hits-transforme-suas-postagens-em-h.mp4,🔥 Aprenda legendas que DEPLATAM seus hits! 💪 Transforme suas postagens em hits! Veja 3 Segredos! 🚀,"🔥 Desvende os segredos das legendas que DEPLATAM seus hits! 💪 Transforme suas postagens em hits! 🚀 Veja 3 Segredos! 🚀

Quer postagens que NUNCA vêm mais? 🤯 Dê um UP na performance do seu feed! 🚀 Clique no link na bio e descubra como! 😉

#marketingdigital #instagram #tiktok #legendas #postagens #estratégias #dicas #marketing #viral #engajamento",#shorts #cortedevideo #viral #fyp #conteudo #aprendizado #crescimento #desenvolvimento #inspiracao #aprenda #legendas #incriveis,,2025-09-09 20:43:15
5-dicas-incriveis-para-explicar-impecave-expliqueacoes-curtas-e-impact.mp4,5-dicas-impecave-para-entender-explicacoes.mp4,🔥 5 Dicas Impecave Para Entender Explicações! 🤯📈🚀,"🔥 5 Dicas Impecave Para Entender Explicações! 🤯📈🚀

Cansado de ter dificuldade em entender? 🤔 Desvende os segredos da explicação! 🤯

✅ 1: Simplifique!
✅ 2: Use Exemplos!
✅ 3: Visuais Impactantes!
✅ 4: Entenda o Conceito!
✅ 5: Adapte-se!

Quer aprender a explicar tudo de forma clara e eficaz? ⬇️ Comenta aqui embaixo! 👇

👉 Quer mais dicas? Deixe um like e siga pra mais conteúdos! 😉 #explicacao #aprendizado #marketingdigital #dicadodia #tecnologia #dicas #didática

---

**Por que essa legenda funciona?**

*   **Emojis:** Atendem a atenção visual e expressam a temática do post.
*   **Palavras-chave:** Usam termos relevantes como ""explicacao"", ""aprendizado"" e ""marketingdigital"".
*   **Lista de dicas:** Apresenta as dicas de forma concisa e fácil de ler.
*   **Chamada para ação:** Convida o público a comentar e seguir, incentivando o engajamento.
*   **Hashtags:** Ampliam o alcance do post nas redes sociais.
*   **Formatação:**  A estrutura com emojis e listas facilita a leitura e a compreensão.

**Observações:**

*   A legenda foi otimizada para o Instagram e TikTok, que apreciam posts curtos e com forte apelo visual.
*   O tom é leve e motivador, incentivando o público a aprender e se envolver.
*   Considere adaptar o conteúdo das dicas para o seu público específico.",#shorts #cortedevideo #viral #fyp #conteudo #aprendizado #crescimento #desenvolvimento #inspiracao #dicas #incriveis #explicar,,2025-09-09 20:45:22
5-dicas-incriveis-pra-looks-destacar-2.mp4,5-dicas-que-vao-dar-magica-nos-seus-looks-esquece-o-basico-dicas-que-t.mp4,"🔥 5 Dicas Que Vão Dar MÁgica Nos Seus Looks! 💪

Esquece o básico! ✨ Dicas que te farão brilhar e usar os looks com confiança. 🚀","🔥 5 Dicas Que Vão Dar MÁGICA Nos Seus Looks! 💪✨

Cansada de looks sem graça? 🤯 Deixe a confiança brilhar! 🚀

Aqui vão 5 DUAS dicas que vão te dar o poder de arrasar:

1.  Use cores que te valorizem! 🌈
2.  Aposte em modelagens que dão volume.  voluminous! 🤩
3.  Aposte em acessórios: um toque extra faz toda a diferença! ✨
4.  Combine peças que complementem umas as outras! 💖
5.  Confiança é a melhor roupa! 😉

Quer mais dicas de looks? 👀 Marca sua amiga que precisa dessas! 👇

#dicasdelook #estilo #fashion #lookdodia #dicadodia #look

---

**Justificativa da legenda:**

*   **Emojis:**  Aumentam o impacto visual e demonstram entusiasmo.
*   **Emoji de ""magia"":** Reforça a ideia de transformação e beleza.
*   **Chamada para ação:** ""Marca sua amiga..."" incentiva o engajamento.
*   **Linguagem direta:**  ""Cansada de looks sem graça?"" atrai a atenção.
*   **Dicas concisas:** A legenda é curta, fácil de ler e mantém o foco.
*   **Hashtags:** Aumentam a visibilidade do post.

**Observações:**

*   A legenda foi escrita para gerar engajamento.
*   O tom é positivo e inspirador.
*   A legenda é adaptada para o formato de Instagram/TikTok.

Espero que essa legenda seja perfeita! 😊",#shorts #cortedevideo #viral #fyp #conteudo #aprendizado #crescimento #desenvolvimento #inspiracao #dicas #incriveis #looks,,2025-09-09 20:45:25
5-dicas-para-decolar-transforme-sua-vida-esse-titulo-e-direto-chamativ.mp4,5-dicas-essenciais-para-transformar-sua-vida.mp4,🔥 5 Dicas ESSENCIAIS para Transformar Sua Vida! 💪🚀,"🔥 5 DICAS ESSENCIAIS para Transformar Sua Vida! 💪🚀

Quer dar um UP na sua vida? 🤩 Essa é a hora! 🚀  Vamos te guiar para o próximo nível. 👇

1️⃣ Defina Seus Objetivos: O que você REALMENTE quer? 🎯
2️⃣ Crie uma Rotina: Pequenos passos, resultados incríveis! 🗓️
3️⃣ Alimente Seu Corpo: Nutrição é a chave! 🍎🥦
4️⃣ Cuide da Sua Mente: Mindfulness e Relaxamento! 🧘‍♀️
5️⃣ Acredite em Você: Confiança é o combustível! 🌟

👉 Quer saber mais?  Comenta aqui! 👇 #transformaçãodivisional #dicas #motivação #vida #sucesso

**Por que essa legenda funciona?**

*   **Títulos chamativo:** ""🔥"" e ""Transformar Sua Vida!"" atraem a atenção.
*   **Emojis:**  Visuais e expressivos, que geram interesse e emoção.
*   **Chamada para ação forte:** ""Comenta aqui!"" incentiva a interação.
*   **Resumo rápido:**  Apresenta 5 dicas em poucas palavras.
*   **Emojis de apoio:**  Aumentam a legibilidade e o tom.
*   **Hashtags relevantes:**  Aumentam a visibilidade do post.

**Observação:**  A legenda foi otimizada para se encaixar nas limitações de tamanho, emoção e engajamento do Instagram/TikTok.",#shorts #cortedevideo #viral #fyp #conteudo #aprendizado #crescimento #desenvolvimento #inspiracao #dicas #decolar #transforme,,2025-09-09 20:45:29
5-dicas-rapidas-pra-impressionar-quer-mais-pessoas-descubra-como-facil.mp4,5-dicas-rapidas-para-impressionar-descubra-como-conquistar-mais-pessoa.mp4,"🔥 5 Dicas Rápidas para Impressionar! 🚀

✨ Descubra como conquistar mais pessoas com a sua presença! ✨

✅ Fale direto: Atraia a atenção!
✅ Facilite: Dicas práticas que vêm pra você!
✅ Deixe a galera curiosa! 🧐

👉 Clique no link da bio e comece! 🔗","## Opção 1 (Enfatizando a transformação):

🔥 5 Dicas RÁPIDAS pra IMPRESSIONAR! 🚀 Quer mais seguidores e engajamento? ➡️ Clique no link da bio e comece a transformar sua presença! 😉 #marketingdigital #socialmedia #dicasdeinstagram #marketing #engajamento

---

## Opção 2 (Mais focada em novidade):

🤯 Descubra as 5 DUAS dicas que vão te dar um UP no Instagram/TikTok! 🚀  Sua presença está pronta para VIR? ➡️ Link na bio! 🔥 #instagram #tiktok #marketing #dicas #socialmedia

---

## Opção 3 (Curta e chamativa):

🔥 5 Dicas CREIAS para VIRAR MUITO MAIS no Instagram/TikTok! 🚀  Clique no link da bio pra descobrir! 🔗 #marketing #socialmedia #dicasrapidas

---

**Observações:**

*   **Emojis:** Usei emojis relevantes para deixar a legenda mais atrativa e visualmente interessante.
*   **Call to Action (CTA):** ""Clique no link da bio"" é um CTA forte e direto.
*   **Hashtags:** Incluí hashtags relevantes para aumentar a visibilidade.
*   **Legenda:** A legenda é breve, persuasiva e com um CTA claro.

**Dica extra:** Se for um conteúdo visual (carrossel ou vídeo), adapte a legenda para combinar imagem e texto.

Para escolher a melhor legenda, pense no tom do seu perfil e no seu público-alvo! 😊",#shorts #cortedevideo #viral #fyp #conteudo #aprendizado #crescimento #desenvolvimento #inspiracao #dicas #rapidas #impressionar,,2025-09-09 20:45:32
62-resultados-incriveis-descubra-o-segredo-este-titulo-e-direto-focado.mp4,5-dicas-que-transformam-sua-carreira.mp4,🔥 5 Dicas que Transformam Sua Carreira! 💪🚀,"🔥 5 DICAS que Transformam Sua Carreira! 💪🚀

Está cansado de trabalhar em algo que não te move? 🤯 Essa é a hora de mudar!

✅ Defina seus objetivos.
✅ Desenvolva suas habilidades.
✅ Construa uma rede de contatos.
✅ Busque oportunidades.
✅ Seja proativo e resiliente.

Quer saber mais? 👇 Comente abaixo o que você já faz para impulsionar sua carreira! 🚀 #carreira #desenvolvimentoprofissional #sucesso

---

**Justificativa da legenda:**

*   **Emojis:** Tornam a legenda visualmente atraente e chamativa.
*   **Chamada para Ação Forte:** ""Comente abaixo"" incentiva a interação do público.
*   **Lista de Dicas:** Apresenta as dicas de forma clara e concisa.
*   **Linguagem Direta:** A frase ""Está cansado de trabalhar em algo que não te move?"" cria conexão.
*   **Limite de Caracteres:** Cumpre o requisito de 200 caracteres.
*   **Hashtags:** Aumentam a visibilidade do post.

Espero que isso ajude! 😊",#shorts #cortedevideo #viral #fyp #conteudo #aprendizado #crescimento #desenvolvimento #inspiracao #resultados #incriveis #descubra,,2025-09-09 20:45:35
aprenda-legendas-que-deplatam-seus-hits-transforme-suas-postagens-em-h.mp4,5-dicas-para-suas-postagens-explodirem.mp4,🔥 5 Dicas Para Suas Postagens EXPLODIREM! 💪,"🔥 5 Dicas Pra Suas Postagens EXPLODIREM! 💪🚀

Quer que seus posts viralizem? 🤯 Aqui vão as 5 chaves!

✨ Dica 1: Imagens/Vídeos de Qualidade 📸
✨ Dica 2: Conteúdo Relevante 💡
✨ Dica 3: Hashtags Estratégicas 🏷️
✨ Dica 4: Interação com a Comunidade 🤝
✨ Dica 5: Consistência 🗓️

👉 Quer mais? Deixe seu LIKE e comente qual dica você quer ver mais no próximo! 👇👇👇

#marketingdigital #marketingdeconteúdo #instagram #tiktok #dicas #estratégias #viral #sucesso

---

**Justificativa da legenda:**

*   **Emojis:** Destacam a emoção e atraem a atenção.
*   **Limite de caracteres:** Cumpre o requisito de 200 caracteres.
*   **Call to action:** Incentiva o engajamento (likar e comentar).
*   **Persuasão:** Usa linguagem direta e promete resultados.
*   **Legibilidade:** Quebras de linha facilitam a leitura.
*   **Perguntas:** Estimula a interação, criando um senso de permanência.

Espero que isso ajude! Se precisar de mais opções ou ajustes, me diga.",#shorts #cortedevideo #viral #fyp #conteudo #aprendizado #crescimento #desenvolvimento #inspiracao #aprenda #legendas #deplatam,,2025-09-09 20:45:38
5-dicas-essenciais-para-transformar-sua-vida.mp4,5-dicas-para-uma-vida-incrivel.mp4,🔥 5 Dicas Para Uma Vida Incrível! 💪🚀,"🔥 5 Dicas Para Uma Vida Incrível! 💪🚀

Quer turbinar sua vibe? 👇
1️⃣ Foque no que te faz feliz! 🤩
2️⃣ Saia da zona de conforto! 🤸‍♀️
3️⃣ Cuide da sua saúde mental 🧠
4️⃣ Cultive relacionamentos positivos 💖
5️⃣ Celebre suas conquistas! 🎉

Quer saber mais? Deixe nos comentários! 👇❤️ #transformação #vidacreativa #motivação #dicas #inspiração

**Por que essa legenda funciona?**

*   **Emojis:** Atraem a atenção e expressam emoção.
*   **Limite de Caracteres:** Respeita o formato de legenda do Instagram/TikTok.
*   **Lista de Dicas:** Facilita a leitura e compreensão.
*   **Call to Action Forte:** Incentiva o engajamento (comentários).
*   **Hashtags:** Aumentam a visibilidade do post.
*   **Tom Persuasivo:** Apela à vontade de as pessoas quererem uma vida melhor.

**Observações:**

*   Adapte a legenda ao seu público-alvo.
*   Considere usar uma imagem/vídeo de alta qualidade que complemente a legenda.
*   Se for usar Reels, adicione música popular.

Espero que isso ajude! 😊",#shorts #cortedevideo #viral #fyp #conteudo #aprendizado #crescimento #desenvolvimento #inspiracao #dicas #essenciais #transformar,,2025-09-09 20:47:41
5-dicas-impecave-para-entender-explicacoes.mp4,5-dicas-incriveis-para-entender-explicacoes-explicacao-descubra-o-que-.mp4,"🔥 5 Dicas INCRÍVEIS para Entender Explicações! 💪

**Explicação:**

Descubra o que está por trás das explicações. Simplifique e entenda tudo! 🚀","Prepare-se para DECOLAR nas explicações! 🤯🚀

5 DICAS INCRÍVEIS que vão MUDAR a forma como você entende TUDO! 🤔

👉 1️⃣ Entenda o CONCEITO.
👉 2️⃣ Lembre-se do FUNDO.
👉 3️⃣ Use exemplos reais.
👉 4️⃣ Questione, não confie.
👉 5️⃣ AME E APRENDA! 💪

Quer saber mais? 👇 Comenta aqui embaixo! 👇

#explicacoes #aprendizado #marketingdigital #dicas #tecnologia #estudos #inteligencia

---

**Justificativa da Legenda:**

*   **Emojis:** Aumentam o apelo visual e emoção, captando a atenção.
*   **Linguagem:** Direta, energética e convidativa.
*   **Chamada à Ação:** ""Comenta aqui embaixo!"" incentiva o engajamento.
*   **Hashtags:** Ampliam o alcance do post.
*   **Sequência de Dicas:** Apresenta o tema de forma concisa e fácil de entender.
*   **Formatação:** Quebra de linha e emojis legíveis.

**Observação:** Essa legenda é pensada para Instagram e TikTok, adaptando-se a cada plataforma, mas mantendo a mensagem principal.  A legenda original (em texto) é uma boa base, mas esta versão está otimizada para o formato visual.",#shorts #cortedevideo #viral #fyp #conteudo #aprendizado #crescimento #desenvolvimento #inspiracao #dicas #impecave #entender,,2025-09-09 20:47:45
5-dicas-para-suas-postagens-explodirem.mp4,5-dicas-para-postagens-explosivas-quer-postagens-que-deixam-a-impressa.mp4,"🔥 5 Dicas para Postagens Explosivas! 🔥

✨ Quer postagens que DEIXAM A IMPRESSÃO? 🚀✨ Descubra o segredo para engajar e viralizar! 📚 😉","💥 5 Dicas INFALÍVEIS para postagens que DEIXAM A IMPRESSÃO! 💥

🚀 Quer mais visualizações, curtidas e comentários? 🚀

👉 Dica 1: Imagem/Vídeo SUPERBOA! 📸
👉 Dica 2: Legendas que CONVINDEM! 📝
👉 Dica 3: Hashtags que AUMENTAM a VISIBILIDADE! 🏷️
👉 Dica 4: Interaja com seus Seguidores! 💬
👉 Dica 5: Use o Stories para EXPLODIR! 🎁

✨ Qual dica te interessa mais? Comenta aqui! 👇

#marketingdigital #instagram #tiktok #marketing #desenvolvimentopessoal #instagramtips #marketingdigitaltips #marketingvisual #engajamento #conteudodivertido 

---

**Explicação da Legenda:**

* **Emojis:** O uso estratégico de emojis torna a legenda mais atraente e convidativa.
* **Call to Action (CTA):** “Comenta aqui” incentiva a interação dos seguidores.
* **Hashtags:** Inclui hashtags relevantes para aumentar a visibilidade do post nas buscas.
* **Linguagem:** A legenda é direta, persuasiva e usa uma linguagem que atrairá a atenção do público.
* **Limite de Caracteres:** A legenda está dentro do limite de caracteres (200) do Instagram.
* **Estrutura:** A legenda está bem organizada em pontos e dicas, facilitando a leitura.

**Dica Extra:** Dependendo do tipo de conteúdo do seu post, você pode adicionar um link relevante para um artigo ou recurso relacionado.",#shorts #cortedevideo #viral #fyp #conteudo #aprendizado #crescimento #desenvolvimento #inspiracao #dicas #suas #postagens,,2025-09-09 20:47:48
5-dicas-que-transformam-sua-carreira.mp4,5-dicas-que-transformam-sua-carreira-este-titulo-e-direto-impactante-e.mp4,"🔥 5 Dicas Que Transformam Sua Carreira! 💪🚀

Este título é direto, impactante e foca no benefício principal (transformação da carreira) usando emojis e números. Ele é conciso e atrativo para gerar interesse.","🔥 5 Dicas Que Transformam Sua Carreira! 💪🚀

Cansado(a) de se sentir estagnado(a)? 🤔

👉 Dica 1: Invista em Habilidades! 📈
👉 Dica 2: Networking é ESSENCIAL! 🤝
👉 Dica 3: Busque Novas Oportunidades! 🎯
👉 Dica 4: Domine o Mercado! 💡
👉 Dica 5: Seja Proativo(a)! 🌟

Quer saber mais e ter um futuro de sucesso? 👇 Comente abaixo suas dicas! ⬇️

#carreira #sucesso #trabalho #dicas #marketingdigital #empreendedorismo #transformaçãodica 

---

**Justificativa da legenda:**

*   **Emojis:**  Atendem o tema da legenda, são atraentes e reforçam a mensagem.
*   **Número:** Cria um senso de ordem e utilidade para o público.
*   **Chamada para ação (CTA):** ""Comente abaixo..."" incentiva o engajamento e a interação do público.
*   **Perguntas:** Estimula a resposta do público, aumentando a chance de engajamento.
*   **Hashtags:** Aumentam a visibilidade do post nas buscas.

**Observações:**

*   A legenda foi escrita para ser atraente e que garanta engajamento.
*   Utilizei uma linguagem leve e motivacional, adequado para o Instagram/TikTok.
*   A legenda está bem organizada e fácil de ler.

Se precisar de mais variações ou ajustes, me diga!",#shorts #cortedevideo #viral #fyp #conteudo #aprendizado #crescimento #desenvolvimento #inspiracao #dicas #transformam #carreira,,2025-09-09 20:47:51
5-dicas-que-vao-dar-magica-nos-seus-looks-esquece-o-basico-dicas-que-t.mp4,5-dicas-para-looks-incriveis-quer-looks-que-chamam-a-atencao-assegure-.mp4,"🔥 5 Dicas Para Looks INCRÍVEIS! 💪

✨ Quer looks que chamam a atenção? Assegure-se de ter essas 5 dicas! 😉🚀","🚨 5 DICAS QUE VÃO DAR MAGIA NOS SEUS LOOKS! 🤩

✨ Quer looks incríveis que chamam a atenção? 🚀 Segure firme!

👉 1️⃣ Escolha o look certo para o seu estilo.
👉 2️⃣ Use cores vibrantes e acessórios que falem.
👉 3️⃣ Aposte em peças que valorizam seu corpo.
👉 4️⃣ Não tenha medo de ousar! ✨
👉 5️⃣ Use a confiança como seu melhor acessório! 😉

📸 Quer mais dicas? Deixe um ❤️ e me diga nos comentários 👇! ⬇️

#dicasdebeleza #lookdodia #estilodevida #fashion #moda #dicasdeestilo #look #inspiração”

**Por que essa legenda funciona:**

*   **Emojis:** Aumentam o apelo visual e a atratividade do post.
*   **Chamada à ação forte:** ""Deixe um ❤️"" incentiva o engajamento.
*   **Regras concisas:** Mantém a legenda dentro do limite de 200 caracteres.
*   **Persuasão e Direção:** Usa frases que incentivam a ação e o desejo de seguir.
*   **Legibilidade:** Quebras de linha e parágrafos curtos facilitam a leitura.
*   **Hashtags relevantes:** Aumentam a visibilidade do post.",#shorts #cortedevideo #viral #fyp #conteudo #aprendizado #crescimento #desenvolvimento #inspiracao #dicas #magica #seus,,2025-09-09 20:47:54
5-dicas-rapidas-para-impressionar-descubra-como-conquistar-mais-pessoa.mp4,5-dicas-para-conquistar-aumente-seus-likes-e-seguidores.mp4,"🔥 5 Dicas para Conquistar! 🏆

Aumente seus likes e seguidores 🚀!","🔥 5 Dicas para Conquistar! 🏆🚀

Quer mais curtidas e seguidores? 🤯 Aqui vão 5 truques que vão fazer sua postagem viralizar! 🤩

1️⃣ Crie conteúdo que prenda a atenção! 🎯
2️⃣ Use hashtags relevantes 📈
3️⃣ Interaja com seus seguidores 💬
4️⃣ Invista em Reels criativos 🎬
5️⃣ Poste com frequência ⏰

👉 Quer saber mais? Deixe nos comentários! 👇

#marketingdigital #instagram #tiktok #marketing #dicas #conquistas #fúblico #instagood

---

**Por que essa legenda funciona?**

* **Emojis:** Atraem a atenção e geram emoção.
* **Título chamativo:** Começa com 🔥 para chamar a atenção.
* **Promessa de resultados:** ""Quer mais curtidas e seguidores?""
* **Dicas claras e concisas:**  Responde à pergunta ""o que fazer?"".
* **Call-to-action forte:** ""Deixe nos comentários!""
* **Hashtags relevantes:** Aumentam a visibilidade.
* **Formato adequado:** 200 caracteres e legibilidade em mente.

**Observações:**

* Adapte a legenda à sua identidade visual e público-alvo.
* Se o post for para TikTok, adicione elementos visuais que complementem.
* Considere usar uma enquete ou story para aumentar o engajamento.",#shorts #cortedevideo #viral #fyp #sucesso #vencedor #objetivos #conquista #determinacao #foco #disciplina #dicas #rapidas #impressionar,,2025-09-09 20:47:57
corte_3_legendado.mp4,por-que-voce-nao-vence.mp4,Por que você não vence?,"Você nasceu com talento, mas só se torna 'lucky' ao trabalhar duro. Seja disciplinado e não espere pela motivação diária. #disciplina #sucesso",#disciplina #sucesso #motivacao,59.0,2025-09-11 00:14:13
corte_4_legendado.mp4,desabafando-sobre-motivacao.mp4,Desabafando sobre motivação,Entenda por que a procrastinação pode se transformar em ação quando as pessoas se sentem sufocadas. #motivação #procrastinação #desenvolvimentopessoal,#motivação #procrastinação #desenvolvimentopessoal,54.0,2025-09-11 00:14:22
corte_5_legendado.mp4,como-se-tornar-um-homem.mp4,Como se tornar um homem,Entenda quando e por que é crucial enfrentar desafios. #disciplina #superação,#desenvolvimentopessoal #realidade #matureza,49.0,2025-09-11 00:14:28
corte_6_legendado.mp4,sobre-ser-um-underdog.mp4,Sobre ser um underdog,Entenda que todos somos underdogs e mantenha a mentalidade de nunca ter chegado. @mentoriaonline @vitoria_pessoal,#underdog #mentality #desenvolvimentopessoal,59.0,2025-09-11 00:14:35
corte_1_legendado.mp4,reconhecimento-de-padroes-para-sucesso.mp4,Reconhecimento de padrões para sucesso,"Entenda por que Amazon é tão bem-sucedida e como Tom Brady utiliza padrões para o seu benefício. Aprenda a ver, usar e criar padrões no seu favor! #Padrão #Sucesso #TomBrady",#Padrão #Sucesso #TomBrady,40.03,2025-09-12 20:59:27
corte_2_legendado.mp4,progresso-e-a-chave-para-a-felicidade.mp4,Progresso é a chave para a felicidade,"Felicidade não vem de estatuetas ou riqueza, mas da constante evolução. #progresso #felicidade",#progresso #felicidade #desenvolvimentopessoal,59.01,2025-09-12 20:59:34
corte_3_legendado.mp4,batman-e-a-luta-interna.mp4,Batman e a luta interna,Como lembrar de quem você é para enfrentar desafios. @desenvolvimentopessoal #identidade #autopercepção,#batman #lutainternar #autopercepção,60.01,2025-09-12 20:59:39
corte_4_legendado.mp4,lembrar-quem-voce-e.mp4,Lembrar quem você é,Veja como a memória de identidade pode te libertar. Batman perdeu a lembrança do seu verdadeiro eu e ficou preso em um trabalho forçado até que recordou quem era realmente. #memoriaidentidade #desenvolvimentopessoal,#memoriaidentidade #desenvolvimentopessoal #identidadedepessoas,25.02,2025-09-12 20:59:47
corte_5_legendado.mp4,influencia-vs-controle.mp4,Influência vs Controle,Entenda a diferença entre influenciar e tentar controlar coisas fora do seu alcance. Foco no 'jogo interno' traz vitória duradoura. #autoconhecimento #desenvolvimentopessoal,#influenciavcontrolo #autodeterminacao #vitorguerreireal,59.01,2025-09-12 20:59:54
corte_6_legendado.mp4,aprendendo-a-valorizar-o-presente.mp4,Aprendendo a valorizar o presente,Entenda como apreciar o que temos agora pode nos ajudar a olhar para o futuro com esperança. #aprendizado #atitudepositiva,#aprendizado #atitudepositiva #futuromelhor,35.03,2025-09-12 21:00:00
corte_1_legendado.mp4,como-superar-a-ansiedade-matinal.mp4,Como superar a ansiedade matinal,"Acordando com ansiedade? Descubra como transformar este medo diário em motivação para o sucesso. Papai e mamãe não vão mais te acordar, você fará isso sozinho! 🌟 #motivação #ansiedade #sucesso",#motivação #ansiedade #sucesso,54.0,2025-09-13 18:04:41
corte_2_legendado.mp4,conversas-sozinho-sao-essenciais.mp4,Conversas sozinho são essenciais,Spending time alone allows growth. Conversar consigo mesmo é crucial para o desenvolvimento pessoal. Vamos valorizar momentos de introspecção.,#desenvolvimentopessoal #solitude #conversassozinho,57.01,2025-09-13 18:04:48
corte_3_legendado.mp4,passar-tempo-sozinho-para-se-destacar.mp4,Passar tempo sozinho para se destacar,"Pessoas de sucesso têm a habilidade de passar tempo sozinho, entendendo seus comportamentos e crenças. Desenvolva essa superpotência para ficar à frente da concorrência! 🚀💪 #sucesso #superpotencia #tempoversoziho",#sucesso #superpotencia #tempoversoziho,55.0,2025-09-13 18:04:56
corte_1_legendado.mp4,padroes-e-sucesso-no-marketing-digital.mp4,Padrões e Sucesso no Marketing Digital,Entenda como reconhecer e usar padrões para o seu sucesso no marketing digital. Veja o caso da Amazon e Tom Brady! #padroes #sucesso #marketingdigital,#padroes #sucesso #marketingdigital,40.03,2025-09-21 11:32:44
corte_4_legendado.mp4,auto-estima-e-sucesso-pessoal.mp4,Auto-estima e sucesso pessoal,Você tem controle sobre sua auto-estima. Descubra quem você é ao fazer coisas difíceis! Não se deixe influenciar por o que os outros dizem.,#autoestima #sucesso #conquista,25.02,2025-09-21 11:33:00
corte_6_legendado.mp4,aprendendo-a-apreciar-o-momento.mp4,Aprendendo a apreciar o momento,"Se tudo muda e termina, aprenda a valorizar o que tem agora. E trabalhe para tornar o futuro melhor! #aprendizagem #autoaperfeiçoamento #motivação",#aprendizagem #autoaperfeiçoamento #motivação,35.03,2025-09-21 11:33:14
corte_1_legendado.mp4,motivacao-familiar-na-rotina.mp4,Motivação familiar na rotina,Você sente falta de motivar-se? Pense em mama e o dia do draft. Motivação vem da família! 🤝 #motivaçãofamiliar #diasdifíceis #famíliaéchave,#motivaçãofamiliar #diasdifíceis #famíliaéchave,36.03,2025-09-22 10:25:50
corte_4_legendado.mp4,motivacao-matinal-para-instagram.mp4,Motivação matinal para Instagram,"Eu acordo às 3 da manhã e posto vídeos no Instagram porque quero ser o melhor. Honorando Dr. King e Malcolm X, assim como os atletas do Hall of Fame! #motivação #instagram #manhãacordada",#motivação #instagram #manhãacordada,21.02,2025-09-22 10:26:06
